{"epoch": 0, "_timestamp": 1697816084.10783, "_runtime": 4.6640660762786865, "_step": 0, "_wandb": {"runtime": 7}}