{"epoch": 2, "_timestamp": 1697422803.0479968, "_runtime": 284.11608481407166, "_step": 107, "average_loss_per_ct_image": 0.9649616082509359, "test loss": 0.33149190438099396}