{"epoch": 0, "_timestamp": 1697816031.7811022, "_runtime": 6.730687141418457, "_step": 0, "_wandb": {"runtime": 8}}