{"epoch": 0, "_timestamp": 1697825689.5416722, "_runtime": 7.264283180236816, "_step": 0}