{"average_loss_per_ct_image": 0.9322913336753845, "epoch": 0, "_timestamp": 1697421989.9196467, "_runtime": 130.39995980262756, "_step": 49}