{"epoch": 49, "_timestamp": 1697826142.3571138, "_runtime": 10724.527627944946, "_step": 2024, "average_loss_per_ct_image": 0.6658976078033447, "test loss": 0.9920449339110275, "_wandb": {"runtime": 10724}}