{"epoch": 0, "_timestamp": 1697816031.7795863, "_runtime": 6.7298362255096436, "_step": 0, "_wandb": {"runtime": 8}}