{"mean": 0.12378190457820892, "std": 0.22868716716766357}