{"epoch": 0, "_timestamp": 1697422463.3211312, "_runtime": 4.518141269683838, "_step": 0, "_wandb": {"runtime": 5}}