{"epoch": 1, "_timestamp": 1697813894.5286777, "_runtime": 396.8407516479492, "_step": 71, "average_loss_per_ct_image": 0.891435444355011, "test loss": 0.2476536302730955}