{"epoch": 0, "_timestamp": 1697816084.1096215, "_runtime": 4.631290435791016, "_step": 0, "_wandb": {"runtime": 7}}