{"epoch": 1, "_timestamp": 1697423240.2957497, "_runtime": 181.3041455745697, "_step": 65, "average_loss_per_ct_image": 0.30280952983432347, "test loss": 0.32967191476088303}