{"epoch": 2, "_timestamp": 1697422803.0479362, "_runtime": 284.0273611545563, "_step": 107, "average_loss_per_ct_image": 0.9649616082509359, "test loss": 0.32962745122420484}