{"epoch": 0, "_timestamp": 1697422463.323652, "_runtime": 4.2570719718933105, "_step": 0, "_wandb": {"runtime": 5}}