{"epoch": 1, "_timestamp": 1697813894.5286832, "_runtime": 396.8488280773163, "_step": 71, "average_loss_per_ct_image": 0.891435444355011, "test loss": 0.24804804602573657}