{"epoch": 0, "_timestamp": 1697425797.8450432, "_runtime": 157.36747312545776, "_step": 29, "average_loss_per_ct_image": 0.29958751466539174}