{"epoch": 49, "_timestamp": 1697822363.2053149, "_runtime": 6165.058902978897, "_step": 5874, "average_loss_per_ct_image": 0.7933790683746338, "test loss": 0.9805339554260517, "_wandb": {"runtime": 6164}}