{"epoch": 1, "_timestamp": 1697813449.2712803, "_runtime": 524.5600943565369, "_step": 105, "average_loss_per_ct_image": 0.9710465669631958}