{"epoch": 0, "_timestamp": 1697422463.3240156, "_runtime": 4.2572126388549805, "_step": 0, "_wandb": {"runtime": 5}}