{"epoch": 0, "_timestamp": 1697816084.1109772, "_runtime": 4.669266223907471, "_step": 0, "_wandb": {"runtime": 7}}