{"epoch": 1, "_timestamp": 1697813894.5286937, "_runtime": 396.84353971481323, "_step": 71, "average_loss_per_ct_image": 0.891435444355011, "test loss": 0.248286545790475}