{"epoch": 0, "_timestamp": 1697425797.8450189, "_runtime": 157.37637877464294, "_step": 29, "average_loss_per_ct_image": 0.29958751466539174}