{"epoch": 1, "_timestamp": 1697813894.5287268, "_runtime": 396.844851732254, "_step": 71, "average_loss_per_ct_image": 0.891435444355011, "test loss": 0.24534090017450266}