{"epoch": 3, "_timestamp": 1697825666.8865445, "_runtime": 275.2483763694763, "_step": 82, "average_loss_per_ct_image": 0.9223567247390747, "test loss": 0.9829959088358385}