{"average_loss_per_ct_image": 0.9538670403234074, "_timestamp": 1697420744.2271442, "_runtime": 86.54129028320312, "_step": 88}