{"average_loss_per_ct_image": 0.9236526918411255, "epoch": 0, "_timestamp": 1697421989.9196343, "_runtime": 130.3989062309265, "_step": 49}