{"epoch": 0, "_timestamp": 1697425797.8451061, "_runtime": 157.37429904937744, "_step": 29, "average_loss_per_ct_image": 0.29958751466539174}