{"epoch": 49, "_timestamp": 1697822363.9172304, "_runtime": 6165.770845413208, "_step": 5874, "average_loss_per_ct_image": 0.7933790683746338, "test loss": 0.9926318814014566, "_wandb": {"runtime": 6165}}