{"epoch": 3, "_timestamp": 1697825666.886533, "_runtime": 275.25151205062866, "_step": 82, "average_loss_per_ct_image": 0.9223567247390747, "test loss": 0.9986361429609102}