{"epoch": 1, "_timestamp": 1697423240.295769, "_runtime": 181.28613090515137, "_step": 65, "average_loss_per_ct_image": 0.30280952983432347, "test loss": 0.3283317730976985}