{"average_loss_per_ct_image": 0.9586059069365598, "_timestamp": 1697420744.2281203, "_runtime": 86.3383424282074, "_step": 88}