{"epoch": 5, "_timestamp": 1697815263.3695555, "_runtime": 1270.3155574798584, "_step": 233, "average_loss_per_ct_image": 0.8936575651168823, "test loss": 0.9808246493339539}