{"average_loss_per_ct_image": 0.9067185890106928, "_timestamp": 1697421412.6638665, "_runtime": 395.39612340927124, "_step": 252}