{"epoch": 1, "_timestamp": 1697423240.2959049, "_runtime": 181.2773458957672, "_step": 65, "average_loss_per_ct_image": 0.30280952983432347, "test loss": 0.33149469662935305}