{"epoch": 0, "_timestamp": 1697825689.5428631, "_runtime": 7.2698822021484375, "_step": 0}