{"epoch": 0, "_timestamp": 1697816031.7801523, "_runtime": 6.730051279067993, "_step": 0, "_wandb": {"runtime": 8}}