{"epoch": 0, "_timestamp": 1697423362.3691337, "_runtime": 63.094212770462036, "_step": 11, "average_loss_per_ct_image": 0.3228388097551134}