{"epoch": 5, "_timestamp": 1697815263.369564, "_runtime": 1270.3263289928436, "_step": 233, "average_loss_per_ct_image": 0.8936575651168823, "test loss": 0.9929136489999706}