{"epoch": 0, "_timestamp": 1697816031.7817473, "_runtime": 6.7340004444122314, "_step": 0, "_wandb": {"runtime": 8}}