{"epoch": 7, "_timestamp": 1697425507.7413113, "_runtime": 2027.8181324005127, "_step": 387, "average_loss_per_ct_image": 0.2570376925998264, "test loss": 0.3295110555795523}