{"average_loss_per_ct_image": 0.9163100719451904, "_timestamp": 1697421412.6629422, "_runtime": 395.3770110607147, "_step": 252}