{"epoch": 0, "_timestamp": 1697816084.1062198, "_runtime": 4.667471885681152, "_step": 0, "_wandb": {"runtime": 7}}