{"average_loss_per_ct_image": 0.9283931291103363, "epoch": 0, "_timestamp": 1697421989.9196467, "_runtime": 130.40164971351624, "_step": 49}